species	mean_mass
Adelie	3700.662251655629
Chinstrap	3733.0882352941176
Gentoo	5076.016260162602
